asset,model,IC_mean,IC_std,RMSE_mean,hit_rate_mean,n_folds,time_seconds
BOND,lstm,-0.0581691036236491,0.3922684608553158,0.1049645522836477,0.5189393939393938,22,56.37277126312256
GOLD,lstm,0.1308103661044837,0.4310763321773591,0.1772661625136963,0.7009803921568628,17,45.621182918548584
SPX,lstm,0.00238785604639263,0.4756965349644795,0.21142665017736842,0.8475609756097561,41,87.32892799377441
